Sitemap,URL
,https://www.brittmooredental.com/about
,https://www.brittmooredental.com/after-dental-implant-surgery
,https://www.brittmooredental.com/after-impacted-tooth
,https://www.brittmooredental.com/after-wisdom-tooth-removal
,https://www.brittmooredental.com/anxiolysis
,https://www.brittmooredental.com/apicoectomy-endodontic-surgery
,https://www.brittmooredental.com/appointment
,https://www.brittmooredental.com/arestin
,https://www.brittmooredental.com/before-anesthesia
,https://www.brittmooredental.com/biopsy
,https://www.brittmooredental.com/blog
,https://www.brittmooredental.com/blog/1443340-time-for-some-spring-cleaning
,https://www.brittmooredental.com/blog/1440790-are-you-nervous-about-seeing-the-dentist-youre-not-alone
,https://www.brittmooredental.com/blog/1438455-how-missing-teeth-can-affect-your-health
,https://www.brittmooredental.com/blog/1435989-what-exactly-is-biofilm
,https://www.brittmooredental.com/blog/1433540-bright-ideas-for-your-smile
,https://www.brittmooredental.com/blog/1431069-clean-toothbrushhealthy-toothbrush
,https://www.brittmooredental.com/blog/1428670-three-must-have-dental-treatments
,https://www.brittmooredental.com/blog/1426185-oral-health-concerns-for-teens
,https://www.brittmooredental.com/blog/1423969-choose-chocolate-on-valentines-day
,https://www.brittmooredental.com/blog/1421203-february-is-childrens-dental-health-month
,https://www.brittmooredental.com/blog/1418448-what-are-dental-sealants
,https://www.brittmooredental.com/blog/1415669-camping-oral-health-tips
,https://www.brittmooredental.com/blog/1413185-dangers-of-thumb-sucking
,https://www.brittmooredental.com/blog/1410631-are-my-childs-baby-teeth-on-schedule
,https://www.brittmooredental.com/blog/1408330-five-easy-to-keep-dental-resolutions-for-the-new-year
,https://www.brittmooredental.com/blog/1405930-what-do-i-do-if-i-fall-and-loosen-my-teeth
,https://www.brittmooredental.com/blog/1403520-why-do-wisdom-teeth-need-to-be-removed_2
,https://www.brittmooredental.com/blog/1401039-lets-talk-about-your-roots
,https://www.brittmooredental.com/blog/1398373-holiday-gift-ideas-for-healthy-holiday-smiles
,https://www.brittmooredental.com/blog/1396100-tips-for-a-tooth-friendly-thanksgiving
,https://www.brittmooredental.com/blog/1393410-the-importance-of-baby-teeth
,https://www.brittmooredental.com/blog/1390853-should-adults-continue-fluoride-treatments
,https://www.brittmooredental.com/blog/1388284-tips-for-cold-and-flu-season
,https://www.brittmooredental.com/blog/1385747-lets-make-halloween-treats-less-tricky
,https://www.brittmooredental.com/blog/1382335-anemia-and-your-oral-health
,https://www.brittmooredental.com/blog/1380052-what-kind-of-toothbrush-and-toothpaste-should-my-child-use
,https://www.brittmooredental.com/blog/1378282-october-is-orthodontic-health-month
,https://www.brittmooredental.com/blog/1374484-how-do-i-clean-my-babys-teeth
,https://www.brittmooredental.com/blog/1371636-things-you-should-know-before-getting-an-oral-piercing
,https://www.brittmooredental.com/blog/1368980-top-five-things-to-keep-your-dentist-smiling
,https://www.brittmooredental.com/blog/1366299-the-stages-of-gum-disease
,https://www.brittmooredental.com/blog/1363283-keep-those-teeth-shipshape-matey
,https://www.brittmooredental.com/blog/1360680-lip-service
,https://www.brittmooredental.com/blog/1357931-what-is-a-water-pick-and-do-i-need-one
,https://www.brittmooredental.com/blog/1355084-most-valuable-dental-treatments
,https://www.brittmooredental.com/blog/1352223-sunbeams-and-beaming-smiles
,https://www.brittmooredental.com/blog/1349514-how-smoking-increases-the-risk-of-oral-cancer
,https://www.brittmooredental.com/blog/1346670-make-brushing-teeth-fun
,https://www.brittmooredental.com/blog/1344055-happy-gums-happy-heart
,https://www.brittmooredental.com/blog/1341411-four-great-additions-to-your-dental-healthy-diet
,https://www.brittmooredental.com/blog/1338707-celebrate-the-fourth-with-a-smile
,https://www.brittmooredental.com/blog/1335715-oral-health-for-the-young-adult
,https://www.brittmooredental.com/blog/1332636-what-are-the-five-things-i-should-do-in-between-visits
,https://www.brittmooredental.com/blog/1329884-minimally-invasive-dentistry
,https://www.brittmooredental.com/blog/1326743-summer-treats-for-healthy-teeth
,https://www.brittmooredental.com/blog/1323786-quit-smoking-to-save-your-smile
,https://www.brittmooredental.com/blog/1321563-five-common-reasons-for-emergency-care-visits
,https://www.brittmooredental.com/blog/1318153-the-link-between-hpv-and-oral-cancer
,https://www.brittmooredental.com/blog/1314741-may-marks-national-physical-fitness-and-sports-month
,https://www.brittmooredental.com/blog/1311960-when-to-replace-fillings
,https://www.brittmooredental.com/blog/1309229-the-importance-of-regular-dental-checkups
,https://www.brittmooredental.com/blog/1306500-when-should-i-floss-during-the-day
,https://www.brittmooredental.com/blog/1303366-the-importance-of-oral-cancer-screenings
,https://www.brittmooredental.com/blog/1300466-snowball-effect
,https://www.brittmooredental.com/blog/1297598-dental-anxiety
,https://www.brittmooredental.com/blog/1294657-brushing-tips-for-kids
,https://www.brittmooredental.com/blog/1291911-st-patricks-day-celtic-pride-green-shamrocks-and-lucky-charms
,https://www.brittmooredental.com/blog/1288966-how-sedation-dentistry-can-help-you-overcome-dental-anxiety
,https://www.brittmooredental.com/blog/1285979-i-havent-been-to-the-dentist-in-years-what-should-i-expect
,https://www.brittmooredental.com/blog/1282741-is-it-possible-to-over-brush
,https://www.brittmooredental.com/blog/1280034-the-origins-of-valentines-day
,https://www.brittmooredental.com/blog/1277189-educational-and-entertaining-enamel-experiments
,https://www.brittmooredental.com/blog/1274246-what-is-a-cavity
,https://www.brittmooredental.com/blog/1271303-medication-can-lead-to-xerostomia-in-women
,https://www.brittmooredental.com/blog/1268447-periodontics-and-braces-treatment
,https://www.brittmooredental.com/blog/1265535-tooth-discoloration-common-causes-and-what-you-can-do-to-stop-it
,https://www.brittmooredental.com/blog/1262661-resolving-to-eat-better-in-the-new-year
,https://www.brittmooredental.com/blog/1259619-teeth-grinding-not-just-a-bad-habit-but-a-dental-concern
,https://www.brittmooredental.com/blog/1256539-why-do-wisdom-teeth-need-to-be-removed
,https://www.brittmooredental.com/blog/1253235-is-periodontal-disease-genetic
,https://www.brittmooredental.com/blog/1250069-snack-attack
,https://www.brittmooredental.com/blog/1247426-safety-of-dental-x-ray-radiation
,https://www.brittmooredental.com/blog/1244373-lets-talk-about-fluoride
,https://www.brittmooredental.com/blog/1241424-is-coffee-damaging-your-smile
,https://www.brittmooredental.com/blog/1238247-national-brush-day
,https://www.brittmooredental.com/blog/1235204-protect-your-baby-from-early-childhood-caries
,https://www.brittmooredental.com/blog/1232027-whats-the-best-dental-floss
,https://www.brittmooredental.com/blog/1229173-what-to-do-when-your-child-has-a-loose-tooth
,https://www.brittmooredental.com/blog/1226186-when-to-begin-dental-care-for-your-baby
,https://www.brittmooredental.com/blog/1223223-year-end-insurance-reminder
,https://www.brittmooredental.com/blog/1220042-understanding-dental-insurance-terminology
,https://www.brittmooredental.com/blog/1217607-choosing-the-dental-filling-option-thats-best-for-you
,https://www.brittmooredental.com/blog/1213708-oh-no-not-the-dentist
,https://www.brittmooredental.com/blog/1210645-football-season-practice-dental-defense
,https://www.brittmooredental.com/blog/1207550-understanding-cavities
,https://www.brittmooredental.com/blog/1203945-radiation-and-the-safety-of-dental-x-rays
,https://www.brittmooredental.com/blog/1200576-why-is-my-child-getting-cavities
,https://www.brittmooredental.com/blog/1197348-what-is-hand-foot-and-mouth-disease
,https://www.brittmooredental.com/blog/1193911-the-consequences-of-sports-and-energy-drinks
,https://www.brittmooredental.com/blog/1190624-dentin-tooth-sensitivity-treatments
,https://www.brittmooredental.com/blog/1187378-fewer-adults-are-visiting-the-dentist
,https://www.brittmooredental.com/blog/1184301-amalgam-fillings-vs-white-fillings
,https://www.brittmooredental.com/blog/1181251-summer-dental-health-get-into-the-swim-of-it
,https://www.brittmooredental.com/blog/1178017-sleep-apnea-what-a-dentist-can-do
,https://www.brittmooredental.com/blog/1174609-avoid-the-emergency-room-for-dental-problems
,https://www.brittmooredental.com/blog/1171424-dental-healthy-snacks-for-your-school-aged-child
,https://www.brittmooredental.com/blog/1168095-summer-break-an-ideal-time-for-wisdom-teeth-removal
,https://www.brittmooredental.com/blog/1164917-root-canal-recovery
,https://www.brittmooredental.com/blog/1162312-memorial-day-parades-remembrance-and-the-unofficial-start-of-summer
,https://www.brittmooredental.com/blog/1159190-love-your-new-smile-tell-us-about-it
,https://www.brittmooredental.com/blog/1155717-the-best-dh-in-baseball
,https://www.brittmooredental.com/blog/1152634-when-to-begin-dental-care-for-your-child
,https://www.brittmooredental.com/blog/1149304-is-soda-really-bad-for-your-teeth
,https://www.brittmooredental.com/blog/1145709-make-every-day-earth-day
,https://www.brittmooredental.com/blog/1142413-improve-your-oral-health-with-xylitol
,https://www.brittmooredental.com/blog/1138989-april-is-oral-cancer-awareness-month
,https://www.brittmooredental.com/blog/1135579-be-prepared
,https://www.brittmooredental.com/blog/1132477-can-i-use-mouthwash-instead-of-flossing
,https://www.brittmooredental.com/blog/1129213-going-green-for-st-patricks-day
,https://www.brittmooredental.com/blog/1125841-are-your-teeth-ready-for-the-big-day
,https://www.brittmooredental.com/blog/1122392-be-good-to-your-gums
,https://www.brittmooredental.com/blog/1116052-the-transformation-of-valentines-day
,https://www.brittmooredental.com/blog/1112755-implants-why-its-important-to-replace-missing-teeth
,https://www.brittmooredental.com/blog/1109344-which-whitening-is-right-for-you
,https://www.brittmooredental.com/blog/1105945-osteoporosis-and-dental-health
,https://www.brittmooredental.com/blog/1102618-how-does-a-tooth-decay
,https://www.brittmooredental.com/blog/1099086-broken-tooth-is-it-an-emergency-or-not
,https://www.brittmooredental.com/blog/1095483-going-green-for-the-new-year
,https://www.brittmooredental.com/blog/1092285-new-years-day-around-the-world
,https://www.brittmooredental.com/blog/1088812-my-mouth-is-dry-what-can-i-do
,https://www.brittmooredental.com/blog/1084985-sleep-apnea-how-we-can-help
,https://www.brittmooredental.com/blog/1081180-happy-holidays-healthy-holidays
,https://www.brittmooredental.com/blog/1077059-natural-ways-to-soothe-a-toothache
,https://www.brittmooredental.com/blog/1073290-thanksgiving-in-north-america
,https://www.brittmooredental.com/blog/1065862-november-marks-national-diabetes-awareness-month
,https://www.brittmooredental.com/blog/1062896-finding-the-right-dental-products-for-your-child
,https://www.brittmooredental.com/blog/1059835-caring-for-your-night-guard
,https://www.brittmooredental.com/blog/1053986-germs-living-on-my-toothbrush-say-it-aint-so
,https://www.brittmooredental.com/blog/1051835-take-your-pick
,https://www.brittmooredental.com/blog/1046356-october-is-national-dental-hygiene-month-a-simple-oral-health-routine-for-your-busy-lifestyle
,https://www.brittmooredental.com/blog/1042571-womens-hormones-and-oral-health
,https://www.brittmooredental.com/blog/1040164-treatments-for-tooth-discoloration
,https://www.brittmooredental.com/blog/1035487-how-long-will-a-root-canal-last
,https://www.brittmooredental.com/blog/1032736-summer-smiles
,https://www.brittmooredental.com/blog/1028978-celebrate-labor-day-by-getting-away
,https://www.brittmooredental.com/blog/1025057-pros-and-cons-of-veneers
,https://www.brittmooredental.com/blog/1021395-whitening-an-artificial-tooth
,https://www.brittmooredental.com/blog/1018407-sippy-cups
,https://www.brittmooredental.com/blog/1012986-the-dog-days-of-summer
,https://www.brittmooredental.com/blog/1010250-can-superfoods-create-a-super-smile
,https://www.brittmooredental.com/blog/1006380-why-do-molars-seem-to-get-more-cavities
,https://www.brittmooredental.com/blog/1000834-steer-clear-of-that-candy
,https://www.brittmooredental.com/blog/997056-happy-fourth-of-july_2
,https://www.brittmooredental.com/blog/993509-been-a-while-come-see-us
,https://www.brittmooredental.com/blog/989759-pick-the-right-electric-toothbrush
,https://www.brittmooredental.com/blog/986224-adults-can-get-cavities-too
,https://www.brittmooredental.com/blog/981861-water-features
,https://www.brittmooredental.com/blog/977830-your-options-for-sedation-dentistry
,https://www.brittmooredental.com/blog/974127-memorial-day_2
,https://www.brittmooredental.com/blog/970296-what-to-do-about-sensitive-teeth
,https://www.brittmooredental.com/blog/966444-celebrate-your-moms-smile-with-these-mothers-day-gifts
,https://www.brittmooredental.com/blog/962783-summer-is-almost-here-tips-for-a-bright-white-smile
,https://www.brittmooredental.com/blog/958913-tmd-problems-and-how-you-can-prevent-them
,https://www.brittmooredental.com/blog/955638-earth-day
,https://www.brittmooredental.com/blog/951025-caring-for-your-invisalign-aligners
,https://www.brittmooredental.com/blog/947219-do-spring-allergies-mean-blooming-dental-problems
,https://www.brittmooredental.com/blog/942178-keep-it-cheesy-for-a-long-lasting-smile
,https://www.brittmooredental.com/blog/938413-gum-disease-in-children
,https://www.brittmooredental.com/blog/934409-st-patricks-day
,https://www.brittmooredental.com/blog/930689-march-is-national-nutrition-month
,https://www.brittmooredental.com/blog/925353-shark-teeth
,https://www.brittmooredental.com/blog/920537-start-your-day-off-with-a-healthy-smile
,https://www.brittmooredental.com/blog/916461-team-dark-chocolate
,https://www.brittmooredental.com/blog/910334-treating-gum-disease-with-antibiotics
,https://www.brittmooredental.com/blog/905816-dreaming-of-a-stunning-smile-without-using-braces
,https://www.brittmooredental.com/blog/901707-whats-the-advantage-of-invisalign
,https://www.brittmooredental.com/blog/896509-how-to-prevent-dry-socket
,https://www.brittmooredental.com/blog/890928-dental-insurance-benefits
,https://www.brittmooredental.com/blog/886403-tooth-protection-and-winter-sports
,https://www.brittmooredental.com/blog/881584-a-brighter-smile-for-the-new-year
,https://www.brittmooredental.com/blog/876975-caring-for-your-smile-after-invisalign-treatment_2
,https://www.brittmooredental.com/blog/872483-a-variety-of-dentures-to-meet-your-needs
,https://www.brittmooredental.com/blog/868656-are-thumb-sucking-and-pacifier-habits-harmful-for-a-childs-teeth
,https://www.brittmooredental.com/blog/864857-the-perks-of-dairy
,https://www.brittmooredental.com/blog/856930-invisalign-and-invisalign-teen_2
,https://www.brittmooredental.com/blog/850961-my-teeth-dont-line-up-any-more-why
,https://www.brittmooredental.com/blog/845160-getting-ready-for-winter
,https://www.brittmooredental.com/blog/840496-the-intriguing-history-of-halloween
,https://www.brittmooredental.com/blog/836009-preventing-periodontal-disease
,https://www.brittmooredental.com/blog/832437-when-should-a-filling-be-replaced
,https://www.brittmooredental.com/blog/828264-whats-on-your-fall-reading-list
,https://www.brittmooredental.com/blog/824406-caring-for-your-smile-after-invisalign-treatment
,https://www.brittmooredental.com/blog/821115-aging-and-dental-health
,https://www.brittmooredental.com/blog/817732-the-hazards-of-smokeless-tobacco
,https://www.brittmooredental.com/blog/814485-september-is-national-gum-care-month
,https://www.brittmooredental.com/blog/811306-labor-day-our-favorite-holiday-to-rest
,https://www.brittmooredental.com/blog/807752-more-adults-are-opting-for-invisalign
,https://www.brittmooredental.com/blog/804245-chipped-your-tooth-now-what
,https://www.brittmooredental.com/blog/799239-interproximal-cavities-the-inside-story
,https://www.brittmooredental.com/blog/794727-should-i-use-mouthwash
,https://www.brittmooredental.com/blog/791285-are-there-foods-that-whiten-teeth
,https://www.brittmooredental.com/blog/788014-alleviate-tooth-sensitivity
,https://www.brittmooredental.com/blog/784277-satisfying-a-sweet-tooth
,https://www.brittmooredental.com/blog/774424-teeth-whitening-for-a-bright-summer
,https://www.brittmooredental.com/blog/774426-teeth-whitening-for-a-bright-summer_3
,https://www.brittmooredental.com/blog/774425-teeth-whitening-for-a-bright-summer
,https://www.brittmooredental.com/blog/768775-fun-facts-for-the-fourth
,https://www.brittmooredental.com/blog/765462-losing-a-baby-tooth
,https://www.brittmooredental.com/blog/763194-celebrate-your-dads-smile
,https://www.brittmooredental.com/blog/760732-dental-tips-for-your-summer-vacation
,https://www.brittmooredental.com/blog/758470-make-tooth-brushing-fun
,https://www.brittmooredental.com/blog/755673-memorial-day-and-getting-ready-for-summer
,https://www.brittmooredental.com/blog/753143-what-to-know-if-you-think-you-have-a-cracked-tooth
,https://www.brittmooredental.com/blog/750858-make-your-childs-next-visit-to-our-office-great
,https://www.brittmooredental.com/blog/748189-wishing-all-our-moms-a-happy-mothers-day
,https://www.brittmooredental.com/blog/744934-tips-for-using-invisalign
,https://www.brittmooredental.com/blog/742688-every-day-is-earth-day
,https://www.brittmooredental.com/blog/740445-preventing-toddler-tooth-decay
,https://www.brittmooredental.com/blog/737992-oral-cancer-awareness-month
,https://www.brittmooredental.com/blog/735750-mouthguard-qampa
,https://www.brittmooredental.com/blog/733293-why-adults-are-choosing-invisalign
,https://www.brittmooredental.com/blog/731049-go-green-for-st-patricks-day
,https://www.brittmooredental.com/blog/728806-who-benefits-from-invisalign
,https://www.brittmooredental.com/blog/726546-good-nutrition-leads-to-healthy-mouths
,https://www.brittmooredental.com/blog/724281-relax-with-sedation-dentistry
,https://www.brittmooredental.com/blog/722015-what-are-the-benefits-of-invisalign
,https://www.brittmooredental.com/blog/719750-valentines-day-history
,https://www.brittmooredental.com/blog/717270-february-is-heart-month
,https://www.brittmooredental.com/blog/715007-whats-the-advantage-to-invisalign
,https://www.brittmooredental.com/blog/712747-caring-for-your-smile-while-wearing-invisalign
,https://www.brittmooredental.com/blog/710485-easing-your-allergies-with-latex-free-dentistry
,https://www.brittmooredental.com/blog/708222-make-this-the-year-you-stop-smoking
,https://www.brittmooredental.com/blog/705959-its-a-wrap-ending-the-year-with-a-smile
,https://www.brittmooredental.com/blog/703696-is-invisalign-right-for-you
,https://www.brittmooredental.com/blog/701433-heart-disease-and-oral-health
,https://www.brittmooredental.com/blog/699166-tis-the-seasonfor-healthy-dental-choices
,https://www.brittmooredental.com/blog/696901-dental-emergencies-while-traveling
,https://www.brittmooredental.com/blog/694637-thanksgiving-trivia
,https://www.brittmooredental.com/blog/692372-thanks-to-invisalign-you-can-have-a-perfect-smile-without-metal-wires-or-brackets
,https://www.brittmooredental.com/blog/690109-eating-and-invisalign
,https://www.brittmooredental.com/blog/687844-cold-comfort
,https://www.brittmooredental.com/blog/685581-halloween-candy-costumes-and-more
,https://www.brittmooredental.com/blog/683318-dental-x-rays-and-your-child
,https://www.brittmooredental.com/blog/681055-invisalign-qampa
,https://www.brittmooredental.com/blog/678792-falls-in-the-air-think-fall-dental-care
,https://www.brittmooredental.com/blog/676529-beneficial-beverage-or-damaging-drink
,https://www.brittmooredental.com/blog/674266-the-clear-benefits-of-invisalign
,https://www.brittmooredental.com/blog/672002-are-you-a-candidate-for-dental-implants
,https://www.brittmooredental.com/blog/669701-some-benefits-to-giving-your-smile-an-extra-boost
,https://www.brittmooredental.com/blog/667249-happy-labor-day
,https://www.brittmooredental.com/blog/664881-the-five-most-common-reasons-for-emergency-visits
,https://www.brittmooredental.com/blog/662393-the-invisalign-treatment-process
,https://www.brittmooredental.com/blog/659651-invisalign-and-invisalign-teen-make-you-smile
,https://www.brittmooredental.com/blog/657368-hot-day-three-drinks-to-leave-home-when-youre-packing-the-cooler
,https://www.brittmooredental.com/blog/655104-what-are-dental-implants
,https://www.brittmooredental.com/blog/652600-how-to-care-for-your-invisalign-aligners
,https://www.brittmooredental.com/blog/649859-generic-clear-aligners-vs-invisalign
,https://www.brittmooredental.com/blog/647602-summer-sports-and-mouthguards
,https://www.brittmooredental.com/blog/644875-happy-fourth-of-july
,https://www.brittmooredental.com/blog/642619-when-was-your-last-dental-checkup
,https://www.brittmooredental.com/blog/639801-is-a-lost-tooth-a-lost-cause
,https://www.brittmooredental.com/bonding-and-white-fillings
,https://www.brittmooredental.com/bone-grafting
,https://www.brittmooredental.com/bridges
,https://www.brittmooredental.com/britesmile
,https://www.brittmooredental.com/canine-exposure
,https://www.brittmooredental.com/cerec
,https://www.brittmooredental.com/clear-braces
,https://www.brittmooredental.com/contact
,https://www.brittmooredental.com/cosmetic-periodontal-surgery
,https://www.brittmooredental.com/cosmetic-services
,https://www.brittmooredental.com/crown-lengthening
,https://www.brittmooredental.com/crowns
,https://www.brittmooredental.com/dental-hygiene
,https://www.brittmooredental.com/dental-implant-faq
,https://www.brittmooredental.com/dental-implant-faqs
,https://www.brittmooredental.com/dentures
,https://www.brittmooredental.com/digital-x--ray
,https://www.brittmooredental.com/doctor
,https://www.brittmooredental.com/educational-videos
,https://www.brittmooredental.com/electric-handpieces
,https://www.brittmooredental.com/endo-microscope
,https://www.brittmooredental.com/endodontics
,https://www.brittmooredental.com/extraction-site-preservation
,https://www.brittmooredental.com/extractions
,https://www.brittmooredental.com/facial-trauma
,https://www.brittmooredental.com/financing---monthly-payments
,https://www.brittmooredental.com/frenectomy
,https://www.brittmooredental.com/gallery
,https://www.brittmooredental.com/gum-grafting
,https://www.brittmooredental.com
,https://www.brittmooredental.com/i-cat
,https://www.brittmooredental.com/dental-implants
,https://www.brittmooredental.com/implants
,https://www.brittmooredental.com/inlays-and-onlays
,https://www.brittmooredental.com/intraoral-camera
,https://www.brittmooredental.com/iv-sedation
,https://www.brittmooredental.com/laser
,https://www.brittmooredental.com/links
,https://www.brittmooredental.com/lluma-ultra-cone-beam-ct-scanner
,https://www.brittmooredental.com/lumineers
,https://www.brittmooredental.com/mini-implants
,https://www.brittmooredental.com/mouth-guards
,https://www.brittmooredental.com/multiple-tooth-extractions
,https://www.brittmooredental.com/night-guards
,https://www.brittmooredental.com/nitrous-oxide
,https://www.brittmooredental.com/occlusal-adjustment
,https://www.brittmooredental.com/oral-cancer-screenings
,https://www.brittmooredental.com/oral-conscious-sedation
,https://www.brittmooredental.com/oral-pathology
,https://www.brittmooredental.com/oral-surgery
,https://www.brittmooredental.com/orthognathic-surgery
,https://www.brittmooredental.com/osseous-grafting
,https://www.brittmooredental.com/osseous-surgery
,https://www.brittmooredental.com/osstell
,https://www.brittmooredental.com/our-practice
,https://www.brittmooredental.com/our-services
,https://www.brittmooredental.com/our-technology
,https://www.brittmooredental.com/panorex
,https://www.brittmooredental.com/periodontal-gum-disease
,https://www.brittmooredental.com/periodontal-splinting
,https://www.brittmooredental.com/periodontic
,https://www.brittmooredental.com/platelet-rich-plasma-prp
,https://www.brittmooredental.com/post-op-instructions
,https://www.brittmooredental.com/q-a
,https://www.brittmooredental.com/restorative
,https://www.brittmooredental.com/retreatment
,https://www.brittmooredental.com/reviews
,https://www.brittmooredental.com/ridge-augmentation
,https://www.brittmooredental.com/root-canal
,https://www.brittmooredental.com/rotary-endodontics
,https://www.brittmooredental.com/scaling-a-root-planing
,https://www.brittmooredental.com/sealants
,https://www.brittmooredental.com/sedation-faq
,https://www.brittmooredental.com/sedation-q-a
,https://www.brittmooredental.com/sedation
,https://www.brittmooredental.com/simplant
,https://www.brittmooredental.com/sinus-augmentation
,https://www.brittmooredental.com/smile-gallery
,https://www.brittmooredental.com/snap-on-smile
,https://www.brittmooredental.com/soft-tissue-graft
,https://www.brittmooredental.com/staff
,https://www.brittmooredental.com/doctor1
,https://www.brittmooredental.com/doctor-2
,https://www.brittmooredental.com/surgical-instructions
,https://www.brittmooredental.com/test-gallery/page
,https://www.brittmooredental.com/testg
,https://www.brittmooredental.com/testimonials
,https://www.brittmooredental.com/tmj
,https://www.brittmooredental.com/traditional-braces
,https://www.brittmooredental.com/veneers
,https://www.brittmooredental.com/vip-amenities
,https://www.brittmooredental.com/waterlase
,https://www.brittmooredental.com/whitening
,https://www.brittmooredental.com/wisdom-teeth
,https://www.brittmooredental.com/zoom-whitening